,OLS,MLE_MA1,diff (MLE-OLS)
const,1.503135,1.578523,0.075389
Inflation,0.891429,0.870743,-0.020686
OutputGap,0.22012,0.20959,-0.01053
