,,lb_stat,lb_pvalue
Inflation,12,97.81227845353217,1.491884654368417e-15
Fed Rates,12,11.839427387334325,0.45866018967757494
Capacity Utilization Rate,12,9.468109106670827,0.662512612527822
