,Inflation,Fed Rates,Capacity Utilization Rate
Inflation,1.0,0.24074606554520156,0.33129232014931365
Fed Rates,0.24074606554520156,1.0,0.6709205954308897
Capacity Utilization Rate,0.33129232014931365,0.6709205954308897,1.0
