,Forecast average in 2022,Realized average in 2022,Forecast error
Inflation,4.725288214733298,8.007708333333333,3.2824201186000357
Fed Rates,-0.1500137243266247,1.6833333333333336,1.8333470576599582
