,beta,se,t
const,0.06512,0.046505,1.400279
Inflation,0.040084,0.012177,3.291824
OutputGap,0.044672,0.012693,3.519308
i(t-1),0.959369,0.009484,101.154874
