,beta,se,t
const,1.503135,0.180386,8.332877
Inflation,0.891429,0.03585,24.865352
OutputGap,0.22012,0.051226,4.297037
